algorithm,size,time_sec
SIM,100,0.026072659995406866
SIM,500,0.022181539959274233
SIM,1000,0.01872755999211222
SIM,5000,0.01765463997144252
RR,100,0.11527425998356193
RR,500,0.014281519991345703
RR,1000,0.014959280006587505
RR,5000,0.015528980013914406
SJF,100,0.03893864001147449
SJF,500,0.0197165799792856
SJF,1000,0.017212199978530407
SJF,5000,0.0152708999812603
