algorithm,size,time_sec
SIM,100,0.012303020001854747
SIM,500,0.010020079999230802
SIM,1000,0.010426680001546628
SIM,5000,0.010598320001736283
RR,100,0.021443579997867345
RR,500,0.01022194000252057
RR,1000,0.011505039999610745
RR,5000,0.010529720000340604
SJF,100,0.016759359993739054
SJF,500,0.01066626000101678
SJF,1000,0.011240280003403314
SJF,5000,0.010477619999437592
